INSERT INTO  SYS_USER_DOM(USERID,DOMID) VALUES(1,1);
CREATE TABLE SYS_USERID_GEN(NNEXT INTEGER,NEXT_DOM INTEGER,NEXT_HISTID INTEGER);
INSERT INTO  SYS_USERID_GEN(NNEXT,NEXT_DOM,NEXT_HISTID) VALUES(10000000,10000000,10000000);
INSERT INTO  SYS_USER(USERID,TYPE,NAME,PWD,EMAIL,PHONE,MOBILE) VALUES(1,900,'admin','21232F297A57A5A743894A0E4A801FC3','','','');

INSERT INTO SYS_USER_ROLE(USERID,ROLEID) VALUES(1,101);
INSERT INTO SYS_USER_ROLE(USERID,ROLEID) VALUES(1,102);
INSERT INTO SYS_USER_ROLE(USERID,ROLEID) VALUES(1,103);
INSERT INTO SYS_USER_ROLE(USERID,ROLEID) VALUES(1,104);
INSERT INTO SYS_USER_ROLE(USERID,ROLEID) VALUES(1,105);

INSERT INTO SYS_ROLE(ROLEID,NAME,VALUE,PARENT,PRIORITY) VALUES(101,'注册终端','RegesteTerminal','终端管理',1);
INSERT INTO SYS_ROLE(ROLEID,NAME,VALUE,PARENT,PRIORITY) VALUES(102,'终端管理','TmlManage','终端管理',1);
INSERT INTO SYS_ROLE(ROLEID,NAME,VALUE,PARENT,PRIORITY) VALUES(103,'终端监控','TmlMonitor','终端管理',1);
INSERT INTO SYS_ROLE(ROLEID,NAME,VALUE,PARENT,PRIORITY) VALUES(104,'服务器管理','ListManage','终端管理',1);
INSERT INTO SYS_ROLE(ROLEID,NAME,VALUE,PARENT,PRIORITY) VALUES(105,'批量注册终端','BatchRegisterTmls','终端管理',1);
INSERT INTO SYS_USER_ROLE(USERID,ROLEID) VALUES(1,106);
INSERT INTO SYS_ROLE(ROLEID,NAME,VALUE,PARENT,PRIORITY) VALUES(106,'终端绑定SPE','DispatchSpe','终端管理',1);
INSERT INTO SYS_USER_ROLE(USERID,ROLEID) VALUES(1,107);
INSERT INTO SYS_ROLE(ROLEID,NAME,VALUE,PARENT,PRIORITY) VALUES(107,'终端&SPE管理','TmlSpeManage','终端管理',1);


INSERT INTO SYS_USER_ROLE(USERID,ROLEID) VALUES(1,801);
INSERT INTO SYS_USER_ROLE(USERID,ROLEID) VALUES(1,802);
INSERT INTO SYS_USER_ROLE(USERID,ROLEID) VALUES(1,803);
INSERT INTO SYS_USER_ROLE(USERID,ROLEID) VALUES(1,804);

INSERT INTO SYS_ROLE(ROLEID,NAME,VALUE,PARENT,PRIORITY) VALUES(801,'操作日志查询','QueryLog','日志管理',1);
INSERT INTO SYS_ROLE(ROLEID,NAME,VALUE,PARENT,PRIORITY) VALUES(802,'操作日志删除','DeleteLog','日志管理',900);
INSERT INTO SYS_ROLE(ROLEID,NAME,VALUE,PARENT,PRIORITY) VALUES(803,'登陆日志查询','QueryLoginLog','日志管理',1);
INSERT INTO SYS_ROLE(ROLEID,NAME,VALUE,PARENT,PRIORITY) VALUES(804,'登陆日志删除','DeleteLoginLog','日志管理',900);

INSERT INTO SYS_USER_ROLE(USERID,ROLEID) VALUES(1,901);
INSERT INTO SYS_USER_ROLE(USERID,ROLEID) VALUES(1,902);
INSERT INTO SYS_USER_ROLE(USERID,ROLEID) VALUES(1,903);
INSERT INTO SYS_USER_ROLE(USERID,ROLEID) VALUES(1,904);
INSERT INTO SYS_USER_ROLE(USERID,ROLEID) VALUES(1,905);

INSERT INTO SYS_ROLE(ROLEID,NAME,VALUE,PARENT,PRIORITY) VALUES(901,'分组管理','AreaManage','系统管理',1);
INSERT INTO SYS_ROLE(ROLEID,NAME,VALUE,PARENT,PRIORITY) VALUES(902,'系统配置','ListProperty','系统管理',900);
INSERT INTO SYS_ROLE(ROLEID,NAME,VALUE,PARENT,PRIORITY) VALUES(903,'修改密码','UpdateUserPwd','系统管理',1);
INSERT INTO SYS_ROLE(ROLEID,NAME,VALUE,PARENT,PRIORITY) VALUES(904,'增加操作员','AddUser','系统管理',900);
INSERT INTO SYS_ROLE(ROLEID,NAME,VALUE,PARENT,PRIORITY) VALUES(905,'管理操作员','ListUser','系统管理',900);

INSERT INTO SYS_LOG_SEQ(NNEXT) VALUES(1);

INSERT INTO SYS_CONFIGURE (ID ,NAME ,VALUE ,DDESC ) VALUES(600001,'DRM_IP','192.168.100.20','加密机服务器的IP');
INSERT INTO SYS_CONFIGURE (ID ,NAME ,VALUE ,DDESC ) VALUES(600002,'BOSSID','boss','BOSSID');
INSERT INTO SYS_CONFIGURE (ID ,NAME ,VALUE ,DDESC ) VALUES(600003,'SPID','spId','SPID');
INSERT INTO SYS_CONFIGURE (ID ,NAME ,VALUE ,DDESC ) VALUES(600005,'ActiveUserWSURL','http://192.168.8.130:8080/interface/ActiveUserWS','ActiveUserWSURL');
INSERT INTO SYS_CONFIGURE (ID ,NAME ,VALUE ,DDESC ) VALUES(600006,'BillingWSURL','http://192.168.8.130:8080/wsgw/BillingWS','BillingWSURL');